{
  "v": "5.7.4",
  "fr": 60,
  "ip": 0,
  "op": 180,
  "w": 512,
  "h": 512,
  "nm": "Space Avatar",
  "ddd": 0,
  "assets": [],
  "layers": [
    {
      "ddd": 0,
      "ind": 1,
      "ty": 4,
      "nm": "Avatar",
      "sr": 1,
      "ks": {
        "o": {
          "a": 1,
          "k": [
            {
              "i": { "x": [0.833], "y": [0.833] },
              "o": { "x": [0.167], "y": [0.167] },
              "t": 0,
              "s": [100]
            },
            {
              "t": 90,
              "s": [100]
            }
          ]
        },
        "p": {
          "a": 1,
          "k": [
            {
              "i": { "x": 0.833, "y": 0.833 },
              "o": { "x": 0.167, "y": 0.167 },
              "t": 0,
              "s": [256, 256, 0],
              "to": [0, -5, 0],
              "ti": [0, 0, 0]
            },
            {
              "i": { "x": 0.833, "y": 0.833 },
              "o": { "x": 0.167, "y": 0.167 },
              "t": 90,
              "s": [256, 226, 0],
              "to": [0, 5, 0],
              "ti": [0, -5, 0]
            },
            {
              "t": 180,
              "s": [256, 256, 0]
            }
          ]
        },
        "a": { "a": 0, "k": [0, 0, 0] },
        "s": { "a": 0, "k": [100, 100, 100] }
      },
      "shapes": [
        {
          "ty": "gr",
          "it": [
            {
              "d": 1,
              "ty": "el",
              "s": { "a": 0, "k": [200, 200] },
              "p": { "a": 0, "k": [0, 0] }
            }
          ],
          "nm": "Circle"
        }
      ]
    }
  ]
}